N,t_brute_s,t_barnes_hut_s
1.000000000000000000e+02,1.617919997443095781e-04,8.853339995766873471e-04
3.000000000000000000e+02,1.846167000621790066e-03,3.689540999403106980e-03
1.000000000000000000e+03,1.916662500025267946e-02,2.011216700066142948e-02
3.000000000000000000e+03,1.629991669997252757e-01,8.086600000024191104e-02
1.000000000000000000e+04,nan,3.387157920005847700e-01
3.000000000000000000e+04,nan,1.317144542999812984e+00
